{
  "x": 24.499619572657508,
  "y": 21.500488544748123,
  "z": -82.0
}