{
  "x": -7.4999109094936784,
  "y": 53.49905571741375,
  "z": -69.0
}